rocket,success,payloads,launchpad,flight_number,name,date_utc,date_local,fairings.reused,fairings.recovery_attempt,fairings.recovered,core_reused,landing_attempt,landing_success,landing_type
5e9d0d95eda69955f709d1eb,False,['5eb0e4b5b6c3bb0006eeb1e1'],5e9e4502f5090995de566f86,1,FalconSat,2006-03-24 22:30:00+00:00,2006-03-25 10:30:00+12:00,False,False,False,False,False,unknown,unknown
5e9d0d95eda69955f709d1eb,False,['5eb0e4b6b6c3bb0006eeb1e2'],5e9e4502f5090995de566f86,2,DemoSat,2007-03-21 01:10:00+00:00,2007-03-21 13:10:00+12:00,False,False,False,False,False,unknown,unknown
5e9d0d95eda69955f709d1eb,False,"['5eb0e4b6b6c3bb0006eeb1e3', '5eb0e4b6b6c3bb0006eeb1e4']",5e9e4502f5090995de566f86,3,Trailblazer,2008-08-03 03:34:00+00:00,2008-08-03 15:34:00+12:00,False,False,False,False,False,unknown,unknown
5e9d0d95eda69955f709d1eb,True,['5eb0e4b7b6c3bb0006eeb1e5'],5e9e4502f5090995de566f86,4,RatSat,2008-09-28 23:15:00+00:00,2008-09-28 11:15:00+12:00,False,False,False,False,False,unknown,unknown
5e9d0d95eda69955f709d1eb,True,['5eb0e4b7b6c3bb0006eeb1e6'],5e9e4502f5090995de566f86,5,RazakSat,2009-07-13 03:35:00+00:00,2009-07-13 15:35:00+12:00,False,False,False,False,False,unknown,unknown
5e9d0d95eda69973a809d1ec,True,['5eb0e4b7b6c3bb0006eeb1e7'],5e9e4501f509094ba4566f84,6,Falcon 9 Test Flight,2010-06-04 18:45:00+00:00,2010-06-04 14:45:00-04:00,unknown,unknown,unknown,False,False,unknown,unknown
5e9d0d95eda69973a809d1ec,True,"['5eb0e4b9b6c3bb0006eeb1e8', '5eb0e4b9b6c3bb0006eeb1e9']",5e9e4501f509094ba4566f84,7,COTS 1,2010-12-08 15:43:00+00:00,2010-12-08 11:43:00-04:00,unknown,unknown,unknown,False,False,unknown,unknown
5e9d0d95eda69973a809d1ec,True,['5eb0e4bab6c3bb0006eeb1ea'],5e9e4501f509094ba4566f84,8,COTS 2,2012-05-22 07:44:00+00:00,2012-05-22 03:44:00-04:00,unknown,unknown,unknown,False,False,unknown,unknown
5e9d0d95eda69973a809d1ec,True,"['5eb0e4bab6c3bb0006eeb1eb', '5eb0e4bab6c3bb0006eeb1ec']",5e9e4501f509094ba4566f84,9,CRS-1,2012-10-08 00:35:00+00:00,2012-10-08 20:35:00-04:00,unknown,unknown,unknown,False,False,unknown,unknown
5e9d0d95eda69973a809d1ec,True,['5eb0e4bbb6c3bb0006eeb1ed'],5e9e4501f509094ba4566f84,10,CRS-2,2013-03-01 19:10:00+00:00,2013-03-01 15:10:00-04:00,unknown,unknown,unknown,False,False,unknown,unknown
5e9d0d95eda69973a809d1ec,True,['5eb0e4bbb6c3bb0006eeb1ee'],5e9e4502f509092b78566f87,11,CASSIOPE,2013-09-29 16:00:00+00:00,2013-09-29 09:00:00-07:00,False,False,False,False,True,False,Ocean
5e9d0d95eda69973a809d1ec,True,['5eb0e4bbb6c3bb0006eeb1ef'],5e9e4501f509094ba4566f84,12,SES-8,2013-12-03 22:41:00+00:00,2013-12-03 18:41:00-04:00,False,False,False,False,False,unknown,unknown
5e9d0d95eda69973a809d1ec,True,['5eb0e4bbb6c3bb0006eeb1f0'],5e9e4501f509094ba4566f84,13,Thaicom 6,2014-01-06 18:06:00+00:00,2014-01-06 14:06:00-04:00,False,False,False,False,False,unknown,unknown
5e9d0d95eda69973a809d1ec,True,['5eb0e4bbb6c3bb0006eeb1f1'],5e9e4501f509094ba4566f84,14,CRS-3,2014-04-18 19:25:00+00:00,2014-04-18 15:25:00-04:00,unknown,unknown,unknown,False,True,True,Ocean
5e9d0d95eda69973a809d1ec,True,['5eb0e4bcb6c3bb0006eeb1f2'],5e9e4501f509094ba4566f84,15,OG-2 Mission 1,2014-07-14 15:15:00+00:00,2014-07-14 11:15:00-04:00,False,False,False,False,True,True,Ocean
5e9d0d95eda69973a809d1ec,True,['5eb0e4bcb6c3bb0006eeb1f3'],5e9e4501f509094ba4566f84,16,AsiaSat 8,2014-08-05 08:00:00+00:00,2014-08-05 04:00:00-04:00,False,False,False,False,False,unknown,unknown
5e9d0d95eda69973a809d1ec,True,['5eb0e4bcb6c3bb0006eeb1f4'],5e9e4501f509094ba4566f84,17,AsiaSat 6,2014-09-07 05:00:00+00:00,2014-09-07 01:00:00-04:00,False,False,False,False,False,unknown,unknown
5e9d0d95eda69973a809d1ec,True,['5eb0e4bcb6c3bb0006eeb1f5'],5e9e4501f509094ba4566f84,18,CRS-4,2014-09-21 05:52:00+00:00,2014-09-21 01:52:00-04:00,unknown,unknown,unknown,False,True,False,Ocean
5e9d0d95eda69973a809d1ec,True,['5eb0e4bdb6c3bb0006eeb1f6'],5e9e4501f509094ba4566f84,19,CRS-5,2015-01-10 09:47:00+00:00,2015-01-10 05:47:00-04:00,unknown,unknown,unknown,False,True,False,ASDS
5e9d0d95eda69973a809d1ec,True,['5eb0e4bdb6c3bb0006eeb1f7'],5e9e4501f509094ba4566f84,20,DSCOVR,2015-02-11 23:03:00+00:00,2015-02-11 19:03:00-04:00,False,False,False,False,True,True,Ocean
5e9d0d95eda69973a809d1ec,True,"['5eb0e4bdb6c3bb0006eeb1f8', '5eb0e4bdb6c3bb0006eeb1f9']",5e9e4501f509094ba4566f84,21,ABS-3A / Eutelsat 115W B,2015-03-02 03:50:00+00:00,2015-03-02 23:50:00-04:00,False,False,False,False,False,unknown,unknown
5e9d0d95eda69973a809d1ec,True,['5eb0e4bdb6c3bb0006eeb1fa'],5e9e4501f509094ba4566f84,22,CRS-6,2015-04-14 20:10:00+00:00,2015-04-14 16:10:00-04:00,unknown,unknown,unknown,False,True,False,ASDS
5e9d0d95eda69973a809d1ec,True,['5eb0e4beb6c3bb0006eeb1fb'],5e9e4501f509094ba4566f84,23,TürkmenÄlem 52°E / MonacoSAT,2015-04-27 23:03:00+00:00,2015-04-27 19:03:00-04:00,False,False,False,False,False,unknown,unknown
5e9d0d95eda69973a809d1ec,False,['5eb0e4beb6c3bb0006eeb1fc'],5e9e4501f509094ba4566f84,24,CRS-7,2015-06-28 14:21:00+00:00,2015-06-28 10:21:00-04:00,unknown,unknown,unknown,False,True,unknown,ASDS
5e9d0d95eda69973a809d1ec,True,['5eb0e4beb6c3bb0006eeb1fd'],5e9e4501f509094ba4566f84,25,OG-2 Mission 2,2015-12-22 01:29:00+00:00,2015-12-22 21:29:00-04:00,False,False,False,False,True,True,RTLS
5e9d0d95eda69973a809d1ec,True,['5eb0e4beb6c3bb0006eeb1fe'],5e9e4502f509092b78566f87,26,Jason 3,2016-01-17 15:42:00+00:00,2016-01-17 08:42:00-07:00,False,False,False,False,True,False,ASDS
5e9d0d95eda69973a809d1ec,True,['5eb0e4beb6c3bb0006eeb1ff'],5e9e4501f509094ba4566f84,27,SES-9,2016-03-04 23:35:00+00:00,2016-03-04 19:35:00-04:00,False,False,False,False,True,False,ASDS
5e9d0d95eda69973a809d1ec,True,['5eb0e4bfb6c3bb0006eeb200'],5e9e4501f509094ba4566f84,28,CRS-8,2016-04-08 20:43:00+00:00,2016-04-08 16:43:00-04:00,unknown,unknown,unknown,False,True,True,ASDS
5e9d0d95eda69973a809d1ec,True,['5eb0e4bfb6c3bb0006eeb201'],5e9e4501f509094ba4566f84,29,JCSAT-2B,2016-05-06 05:21:00+00:00,2016-05-06 01:21:00-04:00,False,False,False,False,True,True,ASDS
5e9d0d95eda69973a809d1ec,True,['5eb0e4bfb6c3bb0006eeb202'],5e9e4501f509094ba4566f84,30,Thaicom 8,2016-05-27 21:39:00+00:00,2016-05-27 17:39:00-04:00,False,False,False,False,True,True,ASDS
5e9d0d95eda69973a809d1ec,True,"['5eb0e4bfb6c3bb0006eeb203', '5eb0e4bfb6c3bb0006eeb204']",5e9e4501f509094ba4566f84,31,ABS-2A / Eutelsat 117W B,2016-06-15 14:29:00+00:00,2016-06-15 10:29:00-04:00,False,False,False,False,True,False,ASDS
5e9d0d95eda69973a809d1ec,True,['5eb0e4c0b6c3bb0006eeb205'],5e9e4501f509094ba4566f84,32,CRS-9,2016-07-18 04:45:00+00:00,2016-07-18 00:45:00-04:00,unknown,unknown,unknown,False,True,True,RTLS
5e9d0d95eda69973a809d1ec,True,['5eb0e4c1b6c3bb0006eeb206'],5e9e4501f509094ba4566f84,33,JCSAT-16,2016-08-14 05:26:00+00:00,2016-08-14 01:26:00-04:00,False,False,False,False,True,True,ASDS
5e9d0d95eda69973a809d1ec,False,['5eb0e4c1b6c3bb0006eeb207'],5e9e4501f509094ba4566f84,34,Amos-6,2016-09-01 13:07:00+00:00,2016-09-01 09:07:00-04:00,False,False,False,False,True,unknown,ASDS
5e9d0d95eda69973a809d1ec,True,['5eb0e4c2b6c3bb0006eeb208'],5e9e4502f509092b78566f87,35,Iridium NEXT Mission 1,2017-01-14 17:54:00+00:00,2017-01-14 10:54:00-07:00,False,False,False,False,True,True,ASDS
5e9d0d95eda69973a809d1ec,True,['5eb0e4c3b6c3bb0006eeb209'],5e9e4502f509094188566f88,36,CRS-10,2017-02-19 14:39:00+00:00,2017-02-19 10:39:00-04:00,unknown,unknown,unknown,False,True,True,RTLS
5e9d0d95eda69973a809d1ec,True,['5eb0e4c3b6c3bb0006eeb20a'],5e9e4502f509094188566f88,37,EchoStar 23,2017-03-16 06:00:00+00:00,2017-03-16 02:00:00-04:00,False,False,False,False,False,unknown,unknown
5e9d0d95eda69973a809d1ec,True,['5eb0e4c3b6c3bb0006eeb20b'],5e9e4502f509094188566f88,38,SES-10,2017-03-30 22:27:00+00:00,2017-03-30 18:27:00-04:00,False,False,False,True,True,True,ASDS
5e9d0d95eda69973a809d1ec,True,['5eb0e4c3b6c3bb0006eeb20c'],5e9e4502f509094188566f88,39,NROL-76,2017-05-01 11:15:00+00:00,2017-05-01 07:15:00-04:00,False,False,False,False,True,True,RTLS
5e9d0d95eda69973a809d1ec,True,['5eb0e4c3b6c3bb0006eeb20d'],5e9e4502f509094188566f88,40,Inmarsat-5 F4,2017-05-15 23:21:00+00:00,2017-05-15 19:21:00-04:00,False,False,False,False,False,unknown,unknown
5e9d0d95eda69973a809d1ec,True,['5eb0e4c4b6c3bb0006eeb20e'],5e9e4502f509094188566f88,41,CRS-11,2017-06-03 21:07:00+00:00,2017-06-03 17:07:00-04:00,unknown,unknown,unknown,False,True,True,RTLS
5e9d0d95eda69973a809d1ec,True,['5eb0e4c4b6c3bb0006eeb20f'],5e9e4502f509094188566f88,42,BulgariaSat-1,2017-06-23 19:10:00+00:00,2017-06-23 15:10:00-04:00,False,False,False,True,True,True,ASDS
5e9d0d95eda69973a809d1ec,True,['5eb0e4c4b6c3bb0006eeb210'],5e9e4502f509092b78566f87,43,Iridium NEXT Mission 2,2017-06-25 20:25:00+00:00,2017-06-25 13:25:00-07:00,False,False,False,False,True,True,ASDS
5e9d0d95eda69973a809d1ec,True,['5eb0e4c4b6c3bb0006eeb211'],5e9e4502f509094188566f88,44,Intelsat 35e,2017-07-05 23:35:00+00:00,2017-07-05 19:35:00-04:00,False,False,False,False,False,unknown,unknown
5e9d0d95eda69973a809d1ec,True,['5eb0e4c4b6c3bb0006eeb212'],5e9e4502f509094188566f88,45,CRS-12,2017-08-14 16:31:00+00:00,2017-08-14 12:31:00-04:00,unknown,unknown,unknown,False,True,True,RTLS
5e9d0d95eda69973a809d1ec,True,['5eb0e4c4b6c3bb0006eeb213'],5e9e4502f509092b78566f87,46,FormoSat-5,2017-08-24 18:50:00+00:00,2017-08-24 11:50:00-07:00,False,False,False,False,True,True,ASDS
5e9d0d95eda69973a809d1ec,True,['5eb0e4c5b6c3bb0006eeb214'],5e9e4502f509094188566f88,47,Boeing X-37B OTV-5,2017-09-07 13:50:00+00:00,2017-09-07 09:50:00-04:00,False,False,False,False,True,True,RTLS
5e9d0d95eda69973a809d1ec,True,['5eb0e4c5b6c3bb0006eeb215'],5e9e4502f509092b78566f87,48,Iridium NEXT Mission 3,2017-10-09 12:37:00+00:00,2017-10-09 05:37:00-07:00,False,False,False,False,True,True,ASDS
5e9d0d95eda69973a809d1ec,True,['5eb0e4c5b6c3bb0006eeb216'],5e9e4502f509094188566f88,49,SES-11 / Echostar 105,2017-10-11 22:53:00+00:00,2017-10-11 18:53:00-04:00,False,False,False,True,True,True,ASDS
5e9d0d95eda69973a809d1ec,True,['5eb0e4c5b6c3bb0006eeb217'],5e9e4502f509094188566f88,50,KoreaSat 5A,2017-10-30 19:34:00+00:00,2017-10-30 15:34:00-04:00,False,True,False,False,True,True,ASDS
5e9d0d95eda69973a809d1ec,True,['5eb0e4c5b6c3bb0006eeb218'],5e9e4501f509094ba4566f84,51,CRS-13,2017-12-15 15:36:00+00:00,2017-12-15 10:36:00-05:00,unknown,unknown,unknown,True,True,True,RTLS
5e9d0d95eda69973a809d1ec,True,['5eb0e4c6b6c3bb0006eeb219'],5e9e4502f509092b78566f87,52,Iridium NEXT Mission 4,2017-12-23 01:27:23+00:00,2017-12-22 17:27:23-08:00,False,False,False,True,True,True,Ocean
5e9d0d95eda69973a809d1ec,True,['5eb0e4c6b6c3bb0006eeb21a'],5e9e4501f509094ba4566f84,53,ZUMA,2018-01-08 01:00:00+00:00,2018-01-07 20:00:00-05:00,False,False,False,False,True,True,RTLS
5e9d0d95eda69973a809d1ec,True,['5eb0e4c6b6c3bb0006eeb21b'],5e9e4501f509094ba4566f84,54,SES-16 / GovSat-1,2018-01-31 21:25:00+00:00,2018-01-31 16:25:00-05:00,False,False,False,True,True,True,Ocean
5e9d0d95eda69974db09d1ed,True,['5eb0e4c6b6c3bb0006eeb21c'],5e9e4502f509094188566f88,55,Falcon Heavy Test Flight,2018-02-06 20:45:00+00:00,2018-02-06 15:45:00-05:00,False,False,False,False,True,False,ASDS
5e9d0d95eda69973a809d1ec,True,"['5eb0e4c6b6c3bb0006eeb21d', '5eb0e4c6b6c3bb0006eeb21e']",5e9e4502f509092b78566f87,56,Paz / Starlink Demo,2018-02-22 14:17:00+00:00,2018-02-22 06:17:00-08:00,False,True,False,True,False,unknown,unknown
5e9d0d95eda69973a809d1ec,True,['5eb0e4c7b6c3bb0006eeb21f'],5e9e4501f509094ba4566f84,57,Hispasat 30W-6,2018-03-06 05:33:00+00:00,2018-03-06 00:33:00-05:00,False,False,False,False,False,unknown,unknown
5e9d0d95eda69973a809d1ec,True,['5eb0e4c7b6c3bb0006eeb220'],5e9e4502f509092b78566f87,58,Iridium NEXT Mission 5,2018-03-30 14:13:51+00:00,2018-03-30 07:13:51-08:00,False,True,False,True,False,unknown,unknown
5e9d0d95eda69973a809d1ec,True,['5eb0e4c7b6c3bb0006eeb221'],5e9e4501f509094ba4566f84,59,CRS-14,2018-04-02 20:30:41+00:00,2018-04-02 16:30:41-04:00,unknown,unknown,unknown,True,False,unknown,unknown
5e9d0d95eda69973a809d1ec,True,['5eb0e4c7b6c3bb0006eeb222'],5e9e4501f509094ba4566f84,60,TESS,2018-04-18 22:51:00+00:00,2018-04-18 18:51:00-04:00,False,False,False,False,True,True,ASDS
5e9d0d95eda69973a809d1ec,True,['5eb0e4c7b6c3bb0006eeb223'],5e9e4502f509094188566f88,61,Bangabandhu-1,2018-05-11 20:14:00+00:00,2018-05-11 16:14:00-04:00,False,False,False,False,True,True,ASDS
5e9d0d95eda69973a809d1ec,True,"['5eb0e4c7b6c3bb0006eeb224', '5eb0e4c8b6c3bb0006eeb225']",5e9e4502f509092b78566f87,62,Iridium NEXT Mission 6,2018-05-22 19:47:58+00:00,2018-05-22 12:47:58-08:00,False,True,False,True,False,unknown,unknown
5e9d0d95eda69973a809d1ec,True,['5eb0e4c8b6c3bb0006eeb226'],5e9e4501f509094ba4566f84,63,SES-12,2018-06-04 04:45:00+00:00,2018-06-04 00:45:00-04:00,False,False,False,True,False,unknown,unknown
5e9d0d95eda69973a809d1ec,True,['5eb0e4c8b6c3bb0006eeb227'],5e9e4501f509094ba4566f84,64,CRS-15,2018-06-29 09:42:00+00:00,2018-06-29 05:42:00-04:00,unknown,unknown,unknown,True,False,unknown,unknown
5e9d0d95eda69973a809d1ec,True,['5eb0e4c8b6c3bb0006eeb228'],5e9e4501f509094ba4566f84,65,Telstar 19V,2018-07-22 05:50:00+00:00,2018-07-22 01:50:00-04:00,False,False,False,False,True,True,ASDS
5e9d0d95eda69973a809d1ec,True,['5eb0e4c9b6c3bb0006eeb229'],5e9e4502f509092b78566f87,66,Iridium NEXT Mission 7,2018-07-25 11:39:26+00:00,2018-07-25 04:39:26-07:00,False,True,False,False,True,True,ASDS
5e9d0d95eda69973a809d1ec,True,['5eb0e4c9b6c3bb0006eeb22a'],5e9e4501f509094ba4566f84,67,Merah Putih,2018-08-07 05:18:00+00:00,2018-08-07 01:18:00-04:00,False,False,False,True,True,True,ASDS
5e9d0d95eda69973a809d1ec,True,['5eb0e4c9b6c3bb0006eeb22b'],5e9e4501f509094ba4566f84,68,Telstar 18V,2018-09-10 04:45:00+00:00,2018-09-10 00:45:00-04:00,False,False,False,False,True,True,ASDS
5e9d0d95eda69973a809d1ec,True,['5eb0e4c9b6c3bb0006eeb22c'],5e9e4502f509092b78566f87,69,SAOCOM 1A,2018-10-08 02:22:00+00:00,2018-10-07 19:22:00-07:00,False,False,False,True,True,True,RTLS
5e9d0d95eda69973a809d1ec,True,['5eb0e4c9b6c3bb0006eeb22d'],5e9e4502f509094188566f88,70,Es’hail 2,2018-11-15 20:46:00+00:00,2018-11-15 15:46:00-05:00,False,False,False,True,True,True,ASDS
5e9d0d95eda69973a809d1ec,True,['5eb0e4c9b6c3bb0006eeb22e'],5e9e4502f509092b78566f87,71,SSO-A,2018-12-03 18:34:00+00:00,2018-12-03 10:34:00-08:00,False,True,False,True,True,True,ASDS
5e9d0d95eda69973a809d1ec,True,['5eb0e4cab6c3bb0006eeb22f'],5e9e4501f509094ba4566f84,72,CRS-16,2018-12-05 18:16:00+00:00,2018-12-05 13:16:00-05:00,unknown,unknown,unknown,False,True,False,RTLS
5e9d0d95eda69973a809d1ec,True,['5eb0e4cab6c3bb0006eeb230'],5e9e4501f509094ba4566f84,73,GPS III SV01,2018-12-23 13:51:00+00:00,2018-12-23 08:51:00-05:00,False,False,False,False,False,unknown,unknown
5e9d0d95eda69973a809d1ec,True,['5eb0e4cab6c3bb0006eeb231'],5e9e4502f509092b78566f87,74,Iridium NEXT Mission 8,2019-01-11 15:31:00+00:00,2019-01-11 07:31:00-08:00,False,False,unknown,True,True,True,ASDS
5e9d0d95eda69973a809d1ec,True,"['5eb0e4cab6c3bb0006eeb232', '5eb0e4cab6c3bb0006eeb233', '5eb0e4cab6c3bb0006eeb234']",5e9e4501f509094ba4566f84,75,Nusantara Satu (PSN-6) / S5 / Beresheet,2019-02-22 01:45:00+00:00,2019-02-21 20:45:00-05:00,False,False,False,True,True,True,ASDS
5e9d0d95eda69973a809d1ec,True,['5eb0e4cbb6c3bb0006eeb235'],5e9e4502f509094188566f88,76,CCtCap Demo Mission 1,2019-03-02 07:45:00+00:00,2019-03-02 02:45:00-05:00,unknown,unknown,unknown,False,True,True,ASDS
5e9d0d95eda69974db09d1ed,True,['5eb0e4cbb6c3bb0006eeb236'],5e9e4502f509094188566f88,77,ArabSat 6A,2019-04-11 22:35:00+00:00,2019-04-11 18:35:00-04:00,False,True,True,False,True,True,ASDS
5e9d0d95eda69973a809d1ec,True,['5eb0e4cbb6c3bb0006eeb237'],5e9e4501f509094ba4566f84,78,CRS-17,2019-05-04 06:48:00+00:00,2019-05-04 02:48:00-04:00,unknown,unknown,unknown,False,True,True,ASDS
5e9d0d95eda69973a809d1ec,True,['5eb0e4cbb6c3bb0006eeb238'],5e9e4501f509094ba4566f84,79,Starlink v0.9,2019-05-24 02:30:00+00:00,2019-05-23 22:30:00-04:00,False,True,True,True,True,True,ASDS
5e9d0d95eda69973a809d1ec,True,['5eb0e4ccb6c3bb0006eeb239'],5e9e4502f509092b78566f87,80,RADARSAT Constellation,2019-06-12 14:17:00+00:00,2019-06-12 07:17:00-07:00,False,False,unknown,True,True,True,RTLS
5e9d0d95eda69974db09d1ed,True,"['5eb0e4ccb6c3bb0006eeb23a', '5eb0e4ccb6c3bb0006eeb23b', '5eb0e4ccb6c3bb0006eeb23c', '5eb0e4ccb6c3bb0006eeb23d', '5eb0e4ccb6c3bb0006eeb23e', '5eb0e4cdb6c3bb0006eeb23f', '5eb0e4cdb6c3bb0006eeb240', '5eb0e4cdb6c3bb0006eeb241', '5eb0e4cdb6c3bb0006eeb242', '5eb0e4cdb6c3bb0006eeb243', '5eb0e4cdb6c3bb0006eeb244', '5eb0e4cdb6c3bb0006eeb245', '5eb0e4ceb6c3bb0006eeb246', '5eb0e4ceb6c3bb0006eeb247', '5eb0e4ceb6c3bb0006eeb248', '5eb0e4ceb6c3bb0006eeb249']",5e9e4502f509094188566f88,81,STP-2,2019-06-25 03:30:00+00:00,2019-06-24 23:30:00-04:00,False,True,True,False,True,False,ASDS
5e9d0d95eda69973a809d1ec,True,['5eb0e4ceb6c3bb0006eeb24a'],5e9e4501f509094ba4566f84,82,CRS-18,2019-07-25 22:01:00+00:00,2019-07-25 18:01:00-04:00,unknown,unknown,unknown,True,True,True,RTLS
5e9d0d95eda69973a809d1ec,True,['5eb0e4cfb6c3bb0006eeb24b'],5e9e4501f509094ba4566f84,83,Amos-17,2019-08-06 22:52:00+00:00,2019-08-06 18:52:00-04:00,False,True,True,True,False,unknown,unknown
5e9d0d95eda69973a809d1ec,True,['5eb0e4cfb6c3bb0006eeb24c'],5e9e4501f509094ba4566f84,84,Starlink-1,2019-11-11 14:56:00+00:00,2019-11-11 09:56:00-05:00,True,False,False,True,True,True,ASDS
5e9d0d95eda69973a809d1ec,True,['5eb0e4cfb6c3bb0006eeb24d'],5e9e4501f509094ba4566f84,85,CRS-19,2019-12-05 17:29:23+00:00,2019-12-05 12:29:23-05:00,unknown,unknown,unknown,False,True,True,ASDS
5e9d0d95eda69973a809d1ec,True,['5eb0e4cfb6c3bb0006eeb24e'],5e9e4501f509094ba4566f84,86,JCSat 18 / Kacific 1,2019-12-17 00:10:00+00:00,2019-12-16 19:10:00-05:00,False,True,False,True,True,True,ASDS
5e9d0d95eda69973a809d1ec,True,['5eb0e4cfb6c3bb0006eeb24f'],5e9e4501f509094ba4566f84,87,Starlink-2,2020-01-07 02:19:00+00:00,2020-01-06 21:19:00-05:00,False,True,False,True,True,True,ASDS
5e9d0d95eda69973a809d1ec,True,['5eb0e4d0b6c3bb0006eeb250'],5e9e4502f509094188566f88,88,Crew Dragon In Flight Abort Test,2020-01-19 14:00:00+00:00,2020-01-19 09:00:00-05:00,unknown,unknown,unknown,True,False,unknown,unknown
5e9d0d95eda69973a809d1ec,True,['5eb0e4d0b6c3bb0006eeb251'],5e9e4501f509094ba4566f84,89,Starlink-3,2020-01-29 14:06:00+00:00,2020-01-29 09:06:00-05:00,False,True,True,True,True,True,ASDS
5e9d0d95eda69973a809d1ec,True,['5eb0e4d0b6c3bb0006eeb252'],5e9e4501f509094ba4566f84,90,Starlink-4,2020-02-17 15:05:55+00:00,2020-02-17 10:05:55-05:00,False,True,False,True,True,False,ASDS
5e9d0d95eda69973a809d1ec,True,['5eb0e4d0b6c3bb0006eeb253'],5e9e4501f509094ba4566f84,91,CRS-20,2020-03-07 04:50:31+00:00,2020-03-06 23:50:31-05:00,unknown,unknown,unknown,True,True,True,RTLS
5e9d0d95eda69973a809d1ec,True,['5eb0e4d0b6c3bb0006eeb254'],5e9e4502f509094188566f88,92,Starlink-5,2020-03-18 12:16:00+00:00,2020-03-18 08:16:00-04:00,True,True,False,True,True,False,ASDS
5e9d0d95eda69973a809d1ec,True,['5eb0e4d1b6c3bb0006eeb255'],5e9e4502f509094188566f88,93,Starlink-6,2020-04-22 19:30:00+00:00,2020-04-22 15:30:00-04:00,True,False,unknown,True,True,True,ASDS
5e9d0d95eda69973a809d1ec,True,['5eb0e4d1b6c3bb0006eeb257'],5e9e4502f509094188566f88,94,CCtCap Demo Mission 2,2020-05-30 19:22:00+00:00,2020-05-30 15:22:00-04:00,unknown,unknown,unknown,False,True,True,ASDS
5e9d0d95eda69973a809d1ec,True,['5eb0e4d1b6c3bb0006eeb256'],5e9e4501f509094ba4566f84,95,Starlink-7,2020-06-04 01:25:00+00:00,2020-06-03 21:25:00-04:00,False,True,unknown,True,True,True,ASDS
5e9d0d95eda69973a809d1ec,True,['5eb0e4d1b6c3bb0006eeb258'],5e9e4501f509094ba4566f84,96,Starlink-8 & SkySat 16-18,2020-06-13 09:21:00+00:00,2020-06-13 05:21:00-04:00,True,True,unknown,True,True,True,ASDS
5e9d0d95eda69973a809d1ec,True,['5eb0e4d2b6c3bb0006eeb25c'],5e9e4501f509094ba4566f84,97,GPS III SV03 (Columbus),2020-06-30 19:55:00+00:00,2020-06-30 15:55:00-04:00,unknown,True,True,False,True,True,ASDS
5e9d0d95eda69973a809d1ec,True,['5eb0e4d2b6c3bb0006eeb25b'],5e9e4501f509094ba4566f84,98,ANASIS-II,2020-07-20 21:30:00+00:00,2020-07-20 17:30:00-04:00,unknown,True,True,True,True,True,ASDS
5e9d0d95eda69973a809d1ec,True,"['5ed9858b1f30554030d45c3e', '5ee522e32f1f3d474c758123']",5e9e4502f509094188566f88,99,Starlink-9 (v1.0) & BlackSky Global 5-6,2020-08-07 05:12:00+00:00,2020-08-07 01:12:00-04:00,unknown,True,True,True,True,True,ASDS
5e9d0d95eda69973a809d1ec,True,['5ed9859f1f30554030d45c3f'],5e9e4501f509094ba4566f84,100,Starlink-10 (v1.0) & SkySat 19-21,2020-08-18 14:31:00+00:00,2020-08-18 10:31:00-04:00,True,True,True,True,True,True,ASDS
5e9d0d95eda69973a809d1ec,True,['5eb0e4d1b6c3bb0006eeb259'],5e9e4501f509094ba4566f84,101,"SAOCOM 1B, GNOMES-1, Tyvak-0172",2020-08-30 23:18:00+00:00,2020-08-30 19:18:00-04:00,unknown,True,True,True,True,True,RTLS
5e9d0d95eda69973a809d1ec,True,['5ef6a4600059c33cee4a829e'],5e9e4502f509094188566f88,102,Starlink-11 (v1.0),2020-09-03 12:46:00+00:00,2020-09-03 08:46:00-04:00,unknown,True,unknown,True,True,True,ASDS
5e9d0d95eda69973a809d1ec,True,['5ef6a48e0059c33cee4a829f'],5e9e4502f509094188566f88,103,Starlink-12 (v1.0),2020-10-06 11:29:00+00:00,2020-10-06 07:29:00-04:00,True,True,True,True,True,True,ASDS
5e9d0d95eda69973a809d1ec,True,['5ef6a4d50059c33cee4a82a1'],5e9e4502f509094188566f88,104,Starlink-13 (v1.0),2020-10-18 12:25:00+00:00,2020-10-18 08:25:00-04:00,True,True,unknown,True,True,True,ASDS
5e9d0d95eda69973a809d1ec,True,['5ef6a4ea0059c33cee4a82a2'],5e9e4501f509094ba4566f84,105,Starlink-14 (v1.0),2020-10-24 15:31:00+00:00,2020-10-24 11:31:00-04:00,False,True,unknown,True,True,True,ASDS
5e9d0d95eda69973a809d1ec,True,['5eb0e4d2b6c3bb0006eeb25e'],5e9e4501f509094ba4566f84,106,GPS III SV04 (Sacagawea),2020-11-05 23:24:00+00:00,2020-11-05 18:24:00-05:00,unknown,True,unknown,False,True,True,ASDS
5e9d0d95eda69973a809d1ec,True,['5eb0e4d2b6c3bb0006eeb25f'],5e9e4502f509094188566f88,107,Crew-1,2020-11-16 00:27:00+00:00,2020-11-15 19:27:00-05:00,unknown,unknown,unknown,False,True,True,ASDS
5e9d0d95eda69973a809d1ec,True,['5ed9867c1f30554030d45c40'],5e9e4502f509092b78566f87,108,Sentinel-6 Michael Freilich,2020-11-21 17:17:00+00:00,2020-11-21 09:17:00-08:00,unknown,unknown,unknown,False,True,True,RTLS
5e9d0d95eda69973a809d1ec,True,['5fb95c263a88ae63c9546044'],5e9e4501f509094ba4566f84,109,Starlink-15 (v1.0),2020-11-25 02:13:00+00:00,2020-11-24 21:13:00-05:00,True,True,unknown,True,True,True,ASDS
5e9d0d95eda69973a809d1ec,True,['5eb0e4d3b6c3bb0006eeb262'],5e9e4502f509094188566f88,110,CRS-21,2020-12-06 16:17:00+00:00,2020-12-06 11:17:00-05:00,unknown,unknown,unknown,True,True,True,ASDS
5e9d0d95eda69973a809d1ec,True,['5eb0e4d2b6c3bb0006eeb25d'],5e9e4501f509094ba4566f84,111,SXM-7,2020-12-13 17:30:00+00:00,2020-12-13 12:30:00-05:00,True,True,unknown,True,True,True,ASDS
5e9d0d95eda69973a809d1ec,True,['5f839ac7818d8b59f5740d48'],5e9e4502f509094188566f88,112,NROL-108,2020-12-19 14:00:00+00:00,2020-12-19 09:00:00-05:00,False,True,True,True,True,True,RTLS
5e9d0d95eda69973a809d1ec,True,['5eb0e4d3b6c3bb0006eeb264'],5e9e4501f509094ba4566f84,113,Turksat 5A,2021-01-08 02:15:00+00:00,2021-01-07 21:15:00-05:00,True,True,unknown,True,True,True,ASDS
5e9d0d95eda69973a809d1ec,True,['5fbfedba54ceb10a5664c813'],5e9e4502f509094188566f88,114,Starlink-16 (v1.0),2021-01-20 13:02:00+00:00,2021-01-20 08:02:00-05:00,True,True,unknown,True,True,True,ASDS
5e9d0d95eda69973a809d1ec,True,['5fd3871a7faea57d297c86c6'],5e9e4501f509094ba4566f84,115,Transporter-1,2021-01-24 15:00:00+00:00,2021-01-24 10:00:00-05:00,False,True,True,True,True,True,ASDS
5e9d0d95eda69973a809d1ec,True,['5ff655769257f579ee3a6c64'],5e9e4501f509094ba4566f84,116,Starlink-18 (v1.0),2021-02-04 06:19:00+00:00,2021-02-04 01:19:00-05:00,True,True,unknown,True,True,True,ASDS
5e9d0d95eda69973a809d1ec,True,['600f9bc08f798e2a4d5f97a4'],5e9e4501f509094ba4566f84,117,Starlink-19 (v1.0),2021-02-16 03:59:00+00:00,2021-02-15 22:59:00-05:00,unknown,True,True,True,True,False,ASDS
5e9d0d95eda69973a809d1ec,True,['5fbfedc654ceb10a5664c814'],5e9e4502f509094188566f88,118,Starlink-17 (v1.0),2021-03-04 08:24:00+00:00,2021-03-04 03:24:00-05:00,unknown,unknown,unknown,True,True,True,ASDS
5e9d0d95eda69973a809d1ec,True,['600f9bcb8f798e2a4d5f97a5'],5e9e4501f509094ba4566f84,119,Starlink-20 (v1.0),2021-03-11 08:13:00+00:00,2021-03-11 03:13:00-05:00,True,True,True,True,True,True,ASDS
5e9d0d95eda69973a809d1ec,True,['600f9bd88f798e2a4d5f97a6'],5e9e4502f509094188566f88,120,Starlink-21 (v1.0),2021-03-14 10:01:00+00:00,2021-03-14 06:01:00-04:00,True,True,True,True,True,True,ASDS
5e9d0d95eda69973a809d1ec,True,['60428afbc041c16716f73cdd'],5e9e4501f509094ba4566f84,121,Starlink-22 (v1.0),2021-03-24 08:28:00+00:00,2021-03-24 04:28:00-04:00,unknown,True,True,True,True,True,ASDS
5e9d0d95eda69973a809d1ec,True,['60428b02c041c16716f73cde'],5e9e4501f509094ba4566f84,122,Starlink-23 (v1.0),2021-04-07 16:34:00+00:00,2021-04-07 12:34:00-04:00,True,True,unknown,True,True,True,ASDS
5e9d0d95eda69973a809d1ec,True,['5fe3b3adb3467846b3242173'],5e9e4502f509094188566f88,123,Crew-2,2021-04-23 09:49:00+00:00,2021-04-23 05:49:00-04:00,unknown,unknown,unknown,True,True,True,ASDS
5e9d0d95eda69973a809d1ec,True,['605b4be3aa5433645e37d046'],5e9e4501f509094ba4566f84,124,Starlink-24 (v1.0),2021-04-29 03:44:00+00:00,2021-04-28 23:44:00-04:00,False,True,True,True,True,True,ASDS
5e9d0d95eda69973a809d1ec,True,['605b4befaa5433645e37d047'],5e9e4502f509094188566f88,125,Starlink-25 (v1.0),2021-05-04 19:01:00+00:00,2021-05-04 15:01:00-04:00,True,True,True,True,True,True,ASDS
5e9d0d95eda69973a809d1ec,True,['6079bd5e9a06446e8c61bf7c'],5e9e4501f509094ba4566f84,126,Starlink-27 (v1.0),2021-05-09 06:42:00+00:00,2021-05-09 02:42:00-04:00,True,True,True,True,True,True,ASDS
5e9d0d95eda69973a809d1ec,True,"['605b4bfcaa5433645e37d048', '609f48374a12e4692eae4667', '609f49c64a12e4692eae4668']",5e9e4502f509094188566f88,127,Starlink-26 (v1.0) + Capella-6 + Tyvak-0130,2021-05-15 22:54:00+00:00,2021-05-15 18:54:00-04:00,True,True,unknown,True,True,True,ASDS
5e9d0d95eda69973a809d1ec,True,['6079bd679a06446e8c61bf7d'],5e9e4501f509094ba4566f84,128,Starlink-28 (v1.0),2021-05-26 18:59:00+00:00,2021-05-26 14:59:00-04:00,True,True,True,True,True,True,ASDS
5e9d0d95eda69973a809d1ec,True,['5fe3b642b3467846b324217b'],5e9e4502f509094188566f88,129,CRS-22 & IROSA,2021-06-03 17:29:00+00:00,2021-06-03 13:29:00-04:00,unknown,unknown,unknown,False,True,True,ASDS
5e9d0d95eda69973a809d1ec,True,['5fe3b57db3467846b324217a'],5e9e4501f509094ba4566f84,130,SXM-8,2021-06-06 04:26:00+00:00,2021-06-06 00:26:00-04:00,False,True,True,True,True,True,ASDS
5e9d0d95eda69973a809d1ec,True,['5eb0e4d2b6c3bb0006eeb261'],5e9e4501f509094ba4566f84,131,GPS III SV05,2021-06-17 16:09:00+00:00,2021-06-17 12:09:00-04:00,False,True,True,True,True,True,ASDS
5e9d0d95eda69973a809d1ec,True,['608ac397eb3e50044e3630e7'],5e9e4501f509094ba4566f84,132,Transporter-2,2021-06-30 19:31:00+00:00,2021-06-30 15:31:00-04:00,True,True,True,True,True,True,RTLS
5e9d0d95eda69973a809d1ec,True,['5fe3c4f2b3467846b3242193'],5e9e4502f509094188566f88,133,CRS-23,2021-08-29 07:14:00+00:00,2021-08-29 03:14:00-04:00,unknown,unknown,unknown,True,True,True,ASDS
5e9d0d95eda69973a809d1ec,True,['60e3bf3373359e1e20335c3c'],5e9e4502f509092b78566f87,134,Starlink 2-1 (v1.5),2021-09-14 03:55:00+00:00,2021-09-13 20:55:00-07:00,True,unknown,unknown,True,True,True,ASDS
5e9d0d95eda69973a809d1ec,True,['607a382f5a906a44023e0867'],5e9e4502f509094188566f88,135,Inspiration4,2021-09-16 00:02:00+00:00,2021-09-15 20:02:00-04:00,unknown,unknown,unknown,True,True,True,ASDS
5e9d0d95eda69973a809d1ec,True,['5fe3b3bab3467846b3242174'],5e9e4502f509094188566f88,136,Crew-3,2021-11-11 02:03:00+00:00,2021-11-10 21:03:00-05:00,unknown,unknown,unknown,True,True,True,ASDS
5e9d0d95eda69973a809d1ec,True,['618fabf0563d69573ed8caa6'],5e9e4501f509094ba4566f84,137,Starlink 4-1 (v1.5),2021-11-13 12:40:00+00:00,2021-11-13 07:40:00-05:00,unknown,True,True,True,True,True,ASDS
5e9d0d95eda69973a809d1ec,True,['5fe3c4a6b3467846b3242192'],5e9e4502f509092b78566f87,138,DART,2021-11-24 06:20:00+00:00,2021-11-23 22:20:00-08:00,unknown,True,unknown,True,True,True,ASDS
5e9d0d95eda69973a809d1ec,True,['6161d0f26db1a92bfba85355'],5e9e4501f509094ba4566f84,139,Starlink 4-3 (v1.5),2021-12-01 23:20:00+00:00,2021-12-01 18:20:00-05:00,unknown,True,unknown,True,True,True,ASDS
5e9d0d95eda69973a809d1ec,True,['61c1f395a4a2462678cbf46e'],5e9e4502f509094188566f88,140,IXPE,2021-12-09 06:00:00+00:00,2021-12-09 01:00:00-05:00,unknown,unknown,unknown,True,True,True,ASDS
5e9d0d95eda69973a809d1ec,True,['61bbac16437241381bf70632'],5e9e4502f509092b78566f87,141,Starlink 4-4 (v1.5),2021-12-18 12:41:40+00:00,2021-12-18 12:41:40-08:00,unknown,True,unknown,True,True,True,ASDS
5e9d0d95eda69973a809d1ec,True,['5fe3c080b3467846b3242190'],5e9e4501f509094ba4566f84,142,Türksat 5B,2021-12-19 03:58:00+00:00,2021-12-18 22:58:00-05:00,unknown,True,unknown,True,True,True,ASDS
5e9d0d95eda69973a809d1ec,True,['6161d22a6db1a92bfba85357'],5e9e4502f509094188566f88,143,CRS-24,2021-12-21 10:06:00+00:00,2021-12-21 05:06:00-05:00,unknown,unknown,unknown,False,True,True,ASDS
5e9d0d95eda69973a809d1ec,True,['61d5ece4f88e4c5fc91f1ebb'],5e9e4502f509094188566f88,144,Starlink 4-5 (v1.5),2022-01-06 21:49:00+00:00,2022-01-06 16:49:00-05:00,unknown,True,unknown,True,True,True,ASDS
5e9d0d95eda69973a809d1ec,True,['6175aaacefa4314085aa9c56'],5e9e4501f509094ba4566f84,145,Transporter-3,2022-01-13 15:25:00+00:00,2022-01-13 10:25:00-05:00,unknown,unknown,unknown,True,True,True,RTLS
5e9d0d95eda69973a809d1ec,True,['61e05516be8d8b66799018d4'],5e9e4502f509094188566f88,146,Starlink 4-6 (v1.5),2022-01-19 00:04:00+00:00,2022-01-18 19:04:00-05:00,unknown,True,unknown,True,True,True,ASDS
5e9d0d95eda69973a809d1ec,True,['6161d3a06db1a92bfba8535a'],5e9e4501f509094ba4566f84,147,CSG-2,2022-01-31 23:11:12+00:00,2022-01-31 18:11:12-05:00,unknown,unknown,unknown,True,True,True,RTLS
5e9d0d95eda69973a809d1ec,True,['6175aaacefa4314085aa9c56'],5e9e4502f509092b78566f87,148,NROL-87,2022-02-02 20:18:00+00:00,2022-02-02 12:18:00-08:00,unknown,unknown,unknown,False,True,True,RTLS
5e9d0d95eda69973a809d1ec,True,['61e05520be8d8b66799018d5'],5e9e4502f509094188566f88,149,Starlink 4-7 (v1.5),2022-02-03 18:13:00+00:00,2022-02-03 13:13:00-05:00,unknown,unknown,unknown,True,True,True,ASDS
5e9d0d95eda69973a809d1ec,True,['61fc02e1e0dc5662b76489b4'],5e9e4501f509094ba4566f84,150,Starlink 4-8 (v1.5),2022-02-21 14:44:00+00:00,2022-02-21 09:44:00-05:00,unknown,unknown,unknown,True,True,True,ASDS
5e9d0d95eda69973a809d1ec,True,['61fc0334e0dc5662b76489b5'],5e9e4502f509092b78566f87,151,Starlink 4-11 (v1.5),2022-02-25 17:12:00+00:00,2022-02-25 09:12:00-08:00,unknown,unknown,unknown,True,True,True,ASDS
5e9d0d95eda69973a809d1ec,True,['61fc0379e0dc5662b76489b6'],5e9e4502f509094188566f88,152,Starlink 4-9 (v1.5),2022-03-03 14:35:00+00:00,2022-03-03 09:35:00-05:00,unknown,unknown,unknown,True,True,True,ASDS
5e9d0d95eda69973a809d1ec,True,['61fc0382e0dc5662b76489b7'],5e9e4501f509094ba4566f84,153,Starlink 4-10 (v1.5),2022-03-09 13:45:00+00:00,2022-03-09 08:45:00-05:00,unknown,unknown,unknown,True,True,True,ASDS
5e9d0d95eda69973a809d1ec,True,['623491e5f051102e1fcedac9'],5e9e4501f509094ba4566f84,154,Starlink 4-12 (v1.5),2022-03-19 03:24:00+00:00,2022-03-18 23:24:00-04:00,unknown,unknown,unknown,True,True,True,ASDS
5e9d0d95eda69973a809d1ec,True,['6243af62af52800c6e919260'],5e9e4501f509094ba4566f84,155,Transporter-4,2022-04-01 16:24:00+00:00,2022-04-01 12:24:00-04:00,unknown,unknown,unknown,True,True,True,ASDS
5e9d0d95eda69973a809d1ec,True,['61eefb129eb1064137a1bd74'],5e9e4502f509094188566f88,156,Ax-1,2022-04-08 15:17:00+00:00,2022-04-08 11:17:00-04:00,unknown,unknown,unknown,True,True,True,ASDS
5e9d0d95eda69973a809d1ec,True,['6243b036af52800c6e919262'],5e9e4502f509092b78566f87,157,NROL-85,2022-04-17 13:13:00+00:00,2022-04-17 06:13:00-07:00,unknown,unknown,unknown,True,True,True,RTLS
5e9d0d95eda69973a809d1ec,True,['6243af9faf52800c6e919261'],5e9e4501f509094ba4566f84,158,Starlink 4-14 (v1.5),2022-04-21 15:16:00+00:00,2022-04-21 11:16:00-04:00,unknown,unknown,unknown,True,True,True,ASDS
5e9d0d95eda69973a809d1ec,True,['6243b1cdaf52800c6e919265'],5e9e4502f509094188566f88,159,Crew-4,2022-04-27 07:52:00+00:00,2022-04-27 03:52:00-04:00,unknown,unknown,unknown,True,True,True,ASDS
5e9d0d95eda69973a809d1ec,True,['62582aa55988f159024b964d'],5e9e4501f509094ba4566f84,160,Starlink 4-16 (v1.5),2022-04-29 21:27:00+00:00,2022-04-29 17:27:00-04:00,unknown,unknown,unknown,True,True,True,ASDS
5e9d0d95eda69973a809d1ec,True,['62582aad5988f159024b964e'],5e9e4502f509094188566f88,161,Starlink 4-17 (v1.5),2022-05-06 09:42:00+00:00,2022-05-06 05:42:00-04:00,unknown,unknown,unknown,True,True,True,ASDS
5e9d0d95eda69973a809d1ec,True,['625829d75988f159024b9649'],5e9e4502f509092b78566f87,162,Starlink 4-13 (v1.5),2022-05-13 22:07:00+00:00,2022-05-13 15:07:00-07:00,unknown,unknown,unknown,True,True,True,ASDS
5e9d0d95eda69973a809d1ec,True,['625829cf5988f159024b9648'],5e9e4501f509094ba4566f84,163,Starlink 4-15 (v1.5),2022-05-14 20:40:00+00:00,2022-05-14 16:40:00-04:00,unknown,unknown,unknown,False,True,True,ASDS
5e9d0d95eda69973a809d1ec,True,['62615ee40ec008379be596fd'],5e9e4502f509094188566f88,164,Starlink 4-18 (v1.5),2022-05-18 10:40:00+00:00,2022-05-18 06:40:00-04:00,unknown,unknown,unknown,True,True,True,ASDS
5e9d0d95eda69973a809d1ec,True,['6243b39daf52800c6e919267'],5e9e4501f509094ba4566f84,165,Transporter-5,2022-05-25 18:27:00+00:00,2022-05-25 14:27:00-04:00,unknown,unknown,unknown,True,True,True,RTLS
5e9d0d95eda69973a809d1ec,True,['6243b286af52800c6e919266'],5e9e4501f509094ba4566f84,166,Nilesat-301,2022-06-08 21:04:00+00:00,2022-06-08 17:04:00-04:00,unknown,unknown,unknown,True,True,True,ASDS
5e9d0d95eda69973a809d1ec,True,['6278484e57b51b752c5c5a63'],5e9e4502f509094188566f88,167,Starlink 4-19 (v1.5),2022-06-01 17:08:50+00:00,2022-06-01 13:08:50-04:00,unknown,unknown,unknown,True,True,True,ASDS
5e9d0d95eda69973a809d1ec,True,['5fe3b2abb3467846b3242172'],5e9e4502f509092b78566f87,168,SARah 1,2022-06-18 14:19:00+00:00,2022-06-18 07:19:00-07:00,unknown,unknown,unknown,True,True,True,RTLS
5e9d0d95eda69973a809d1ec,True,['62adecbcd26f4f711fa53848'],5e9e4501f509094ba4566f84,169,Globalstar FM15,2022-06-19 04:27:00+00:00,2022-06-19 00:27:00-04:00,unknown,unknown,unknown,True,True,True,ASDS
5e9d0d95eda69973a809d1ec,True,['6243b93caf52800c6e91926f'],5e9e4501f509094ba4566f84,170,SES-22,2022-06-29 21:04:00+00:00,2022-06-29 17:04:00-04:00,unknown,unknown,unknown,True,True,True,ASDS
5e9d0d95eda69973a809d1ec,True,['630bccc6d36448026ab01639'],5e9e4501f509094ba4566f84,171,Starlink 4-21 (v1.5),2022-07-07 13:11:00+00:00,2022-07-07 09:11:00-04:00,unknown,unknown,unknown,True,True,True,ASDS
5e9d0d95eda69973a809d1ec,unknown,['630bccd6d36448026ab0163a'],5e9e4502f509092b78566f87,172,Starlink 3-1 (v1.5),2022-07-11 01:39:00+00:00,2022-07-10 18:39:00-07:00,unknown,unknown,unknown,True,True,True,ASDS
5e9d0d95eda69973a809d1ec,True,['6243b835af52800c6e91926d'],5e9e4502f509094188566f88,173,CRS-25,2022-07-15 00:44:00+00:00,2022-07-14 20:44:00-04:00,unknown,unknown,unknown,True,True,True,ASDS
5e9d0d95eda69973a809d1ec,True,['630bce10d36448026ab0163b'],5e9e4501f509094ba4566f84,174,Starlink 4-22 (v1.5),2022-07-17 14:50:00+00:00,2022-07-17 10:50:00-04:00,unknown,unknown,unknown,True,True,True,ASDS
5e9d0d95eda69973a809d1ec,True,['630bce49d36448026ab0163c'],5e9e4502f509092b78566f87,175,Starlink 3-2 (v1.5),2022-07-21 17:13:00+00:00,2022-07-21 10:13:00-07:00,unknown,unknown,unknown,True,True,True,ASDS
5e9d0d95eda69973a809d1ec,True,['630bce79d36448026ab0163d'],5e9e4501f509094ba4566f84,176,Starlink 4-25 (v1.5),2022-07-24 00:00:00+00:00,2022-07-23 20:00:00-04:00,unknown,unknown,unknown,True,True,True,ASDS
5e9d0d95eda69973a809d1ec,True,['630bcfe1d36448026ab01641'],5e9e4501f509094ba4566f84,177,KPLO,2022-08-04 23:08:00+00:00,2022-08-04 19:08:00-04:00,unknown,unknown,unknown,True,True,True,ASDS
5e9d0d95eda69973a809d1ec,True,['630bcea1d36448026ab0163e'],5e9e4502f509094188566f88,178,Starlink 4-26 (v1.5),2022-08-09 22:57:00+00:00,2022-08-09 18:57:00-04:00,unknown,unknown,unknown,True,True,True,ASDS
5e9d0d95eda69973a809d1ec,True,['630bceb8d36448026ab01640'],5e9e4502f509092b78566f87,179,Starlink 3-3 (v1.5),2022-08-12 21:30:00+00:00,2022-08-12 14:30:00-07:00,unknown,unknown,unknown,True,True,True,ASDS
5e9d0d95eda69973a809d1ec,True,['630bceadd36448026ab0163f'],5e9e4501f509094ba4566f84,180,Starlink 4-27 (v1.5),2022-08-19 19:24:00+00:00,2022-08-19 15:24:00-04:00,unknown,unknown,unknown,True,True,True,ASDS
5e9d0d95eda69973a809d1ec,True,['631614d7ffc78f3b85670716'],5e9e4502f509094188566f88,181,Starlink 4-23 (v1.5),2022-08-28 02:22:00+00:00,2022-08-27 22:22:00-04:00,unknown,unknown,unknown,True,True,True,ASDS
5e9d0d95eda69973a809d1ec,True,['630f63bf18702d4844fb5391'],5e9e4502f509092b78566f87,182,Starlink 3-4 (v1.5),2022-08-31 05:40:00+00:00,2022-08-30 22:40:00-07:00,unknown,unknown,unknown,True,True,True,ASDS
5e9d0d95eda69973a809d1ec,True,"['631614e9ffc78f3b85670717', '631617fbffc78f3b8567071d']",5e9e4501f509094ba4566f84,183,Starlink 4-20 (v1.5) & Sherpa LTC-2/Varuna-TDM,2022-09-05 02:09:00+00:00,2022-09-04 22:09:00-04:00,unknown,unknown,unknown,True,True,True,ASDS
5e9d0d95eda69973a809d1ec,True,"['63161610ffc78f3b85670718', '63161872ffc78f3b8567071e']",5e9e4502f509094188566f88,184,Starlink 4-2 (v1.5) & Blue Walker 3,2022-09-11 01:10:00+00:00,2022-09-10 21:10:00-04:00,unknown,unknown,unknown,True,True,True,ASDS
5e9d0d95eda69973a809d1ec,True,['63161699ffc78f3b85670719'],5e9e4501f509094ba4566f84,185,Starlink 4-34 (v1.5),2022-09-17 01:05:00+00:00,2022-09-16 21:05:00-04:00,unknown,unknown,unknown,True,True,True,ASDS
5e9d0d95eda69973a809d1ec,True,['631616a7ffc78f3b8567071a'],5e9e4501f509094ba4566f84,186,Starlink 4-35 (v1.5),2022-09-24 23:30:00+00:00,2022-09-24 19:30:00-04:00,unknown,unknown,unknown,True,True,True,ASDS
5e9d0d95eda69973a809d1ec,True,['62dd73ed202306255024d145'],5e9e4502f509094188566f88,187,Crew-5,2022-10-05 16:00:00+00:00,2022-10-05 12:00:00-04:00,unknown,unknown,unknown,False,True,True,ASDS
5e9d0d95eda69974db09d1ed,unknown,['5fe3b86eb3467846b324217c'],5e9e4502f509094188566f88,188,USSF-44,2022-11-01 13:41:00+00:00,2022-11-01 09:41:00-04:00,unknown,unknown,unknown,False,unknown,unknown,unknown
5e9d0d95eda69973a809d1ec,unknown,['631616aeffc78f3b8567071b'],5e9e4501f509094ba4566f84,188,Starlink 4-36 (v1.5),2022-10-20 14:50:00+00:00,2022-10-20 10:50:00-04:00,unknown,unknown,unknown,unknown,unknown,unknown,unknown
5e9d0d95eda69973a809d1ec,unknown,[],5e9e4501f509094ba4566f84,188,Galaxy 33 (15R) & 34 (12R),2022-10-08 23:05:00+00:00,2022-10-08 19:05:00-04:00,unknown,unknown,unknown,False,unknown,unknown,unknown
5e9d0d95eda69973a809d1ec,unknown,[],5e9e4501f509094ba4566f84,188,Hotbird 13F,2022-10-15 05:22:00+00:00,2022-10-15 01:22:00-04:00,unknown,unknown,unknown,False,unknown,unknown,unknown
5e9d0d95eda69973a809d1ec,unknown,[],5e9e4501f509094ba4566f84,189,Hotbird 13G,2022-11-03 03:24:00+00:00,2022-11-02 23:24:00-04:00,unknown,unknown,unknown,False,unknown,unknown,unknown
5e9d0d95eda69973a809d1ec,unknown,[],5e9e4501f509094ba4566f84,191,Galaxy 31 (23R) & 32 (17R),2022-11-08 00:00:00+00:00,2022-11-07 19:00:00-05:00,unknown,unknown,unknown,False,unknown,unknown,unknown
5e9d0d95eda69973a809d1ec,unknown,[],5e9e4501f509094ba4566f84,192,Eutelsat 10B,2022-11-15 00:00:00+00:00,2022-11-14 19:00:00-05:00,unknown,unknown,unknown,False,unknown,unknown,unknown
5e9d0d95eda69973a809d1ec,unknown,[],5e9e4501f509094ba4566f84,193,ispace Mission 1 & Rashid,2022-11-22 00:00:00+00:00,2022-11-21 19:00:00-05:00,unknown,unknown,unknown,False,unknown,unknown,unknown
5e9d0d95eda69973a809d1ec,unknown,[],5e9e4502f509094188566f88,194,CRS-26,2022-11-18 22:00:00+00:00,2022-11-18 17:00:00-05:00,unknown,unknown,unknown,False,unknown,unknown,unknown
5e9d0d95eda69973a809d1ec,unknown,[],5e9e4501f509094ba4566f84,195,Starlink 4-37 (v1.5),2022-11-01 00:00:00+00:00,2022-10-31 20:00:00-04:00,unknown,unknown,unknown,unknown,unknown,unknown,unknown
5e9d0d95eda69973a809d1ec,unknown,['6243b788af52800c6e91926b'],5e9e4501f509094ba4566f84,196,"O3b mPower 1,2",2022-11-01 00:00:00+00:00,2022-10-31 20:00:00-04:00,unknown,unknown,unknown,unknown,unknown,unknown,unknown
5e9d0d95eda69973a809d1ec,unknown,[],5e9e4502f509092b78566f87,197,SWOT,2022-12-05 00:00:00+00:00,2022-12-04 16:00:00-08:00,unknown,unknown,unknown,False,unknown,unknown,unknown
5e9d0d95eda69973a809d1ec,unknown,[],5e9e4501f509094ba4566f84,198,SES-18 & SES-19,2022-11-01 00:00:00+00:00,2022-10-31 20:00:00-04:00,unknown,unknown,unknown,False,unknown,unknown,unknown
5e9d0d95eda69973a809d1ec,unknown,[],5e9e4501f509094ba4566f84,198,Transporter-6,2022-12-01 00:00:00+00:00,2022-11-30 19:00:00-05:00,unknown,unknown,unknown,False,unknown,unknown,unknown
5e9d0d95eda69973a809d1ec,unknown,['63161760ffc78f3b8567071c'],5e9e4502f509092b78566f87,199,TTL-1,2022-12-01 00:00:00+00:00,2022-11-30 16:00:00-08:00,unknown,unknown,unknown,unknown,unknown,unknown,unknown
5e9d0d95eda69973a809d1ec,unknown,['6243b896af52800c6e91926e'],5e9e4501f509094ba4566f84,200,WorldView Legion 1 & 2,2022-12-01 00:00:00+00:00,2022-11-30 19:00:00-05:00,unknown,unknown,unknown,unknown,unknown,unknown,unknown
5e9d0d95eda69974db09d1ed,unknown,[],5e9e4502f509094188566f88,202,Viasat-3 & Arcturus,2022-12-01 00:00:00+00:00,2022-11-30 19:00:00-05:00,unknown,unknown,unknown,False,unknown,unknown,unknown
5e9d0d95eda69973a809d1ec,unknown,['6243b788af52800c6e91926b'],5e9e4501f509094ba4566f84,203,O3b mPower 3.4,2022-12-01 00:00:00+00:00,2022-11-30 19:00:00-05:00,unknown,unknown,unknown,unknown,unknown,unknown,unknown
